galaxy_ID,A,Vin,SigD,Rd,rho0_h,Rh,incl,phi,x_cen,y_cen,Vsys,chi2
7960-3703,0.9999561743284019,2.9984482710179154,0.10005553465634501,29.999954637199366,-6.99994983504544,944.4911536191644,0.10005060492662866,2.6338679745019005,13.836497344386737,26.457929251901245,-12.104750437145418,1022.6566408723837
