galaxy_ID,A,Vin,SigD,Rd,rho0_h,Rh,incl,phi,x_cen,y_cen,Vsys,chi2
7960-3703,0.9999561743284019,3.0004587642150975,0.10005553465634501,29.999954662771003,-6.999949834387569,0.10004507763156162,0.10005060492644004,2.6322557519998497,13.8439760337835,26.475492302308755,-12.137089239053942,1023.2400548769032
